{
    "ModelScope_2_2_deepseek-v3_modefile_prompt2": [
        {
            "absolute": [
                203.38636363636363,
                163.63636363636363,
                291.0487012987013,
                199.3506493506494
            ],
            "relative": [
                0.5212,
                0.0078,
                0.5773,
                0.0403
            ]
        },
        {
            "absolute": [
                203.38636363636363,
                163.63636363636363,
                291.0487012987013,
                199.3506493506494
            ],
            "relative": [
                0.202,
                0.1636,
                0.289,
                0.1994
            ]
        }
    ],
    "ModelScope_1_home_prompt2": [
        {
            "absolute": [
                816.3733766233768,
                7.792207792207819,
                914.4253246753246,
                39.610389610389575
            ],
            "relative": [
                0.2213,
                0.0084,
                0.291,
                0.0429
            ]
        },
        {
            "absolute": [
                816.3733766233768,
                7.792207792207819,
                914.4253246753246,
                39.610389610389575
            ],
            "relative": [
                0.8107,
                0.0078,
                0.9081,
                0.0396
            ]
        }
    ],
    "ModelScope_2_1_deepseek-v3_prompt2": [
        {
            "absolute": [
                219.6201298701299,
                76.62337662337677,
                248.19155844155844,
                99.35064935064929
            ],
            "relative": [
                0.2181,
                0.0766,
                0.2465,
                0.0994
            ]
        }
    ],
    "ModelScope_3_0_datasets_prompt2": [
        {
            "absolute": [
                622.2175324675326,
                550.0,
                951.438311688312,
                642.2077922077922
            ],
            "relative": [
                0.6179,
                0.55,
                0.9448,
                0.6422
            ]
        }
    ],
    "ModelScope_3_1_opencsg-chinese-fineweb-edu-v2_prompt2": [
        {
            "absolute": [
                302.73701298701303,
                163.63636363636363,
                378.711038961039,
                201.2987012987013
            ],
            "relative": [
                0.3006,
                0.1636,
                0.3761,
                0.2013
            ]
        }
    ],
    "Huggingface_2_2_deepseek-v3_modefile_prompt2": [
        {
            "absolute": [
                269.62012987012986,
                131.81818181818198,
                393.6461038961039,
                170.77922077922085
            ],
            "relative": [
                0.2677,
                0.1318,
                0.3909,
                0.1708
            ]
        }
    ],
    "Huggingface_2_0_models_prompt2": [
        {
            "absolute": [
                829.3603896103898,
                5.844155844155921,
                889.1006493506495,
                41.5584415584417
            ],
            "relative": [
                0.8236,
                0.0058,
                0.8829,
                0.0416
            ]
        }
    ],
    "Huggingface_1_home_prompt2": [
        {
            "absolute": [
                568.3214285714287,
                774.9350649350649,
                637.8019480519481,
                812.5974025974026
            ],
            "relative": [
                0.1788,
                0.0091,
                0.4419,
                0.0545
            ]
        },
        {
            "absolute": [
                568.3214285714287,
                774.9350649350649,
                637.8019480519481,
                812.5974025974026
            ],
            "relative": [
                0.4457,
                0.0091,
                0.5108,
                0.0569
            ]
        },
        {
            "absolute": [
                568.3214285714287,
                774.9350649350649,
                637.8019480519481,
                812.5974025974026
            ],
            "relative": [
                0.5644,
                0.9508,
                0.6334,
                0.9971
            ]
        }
    ],
    "Huggingface_2_1_deepseek-v3_prompt2": [
        {
            "absolute": [
                237.8019480519481,
                66.23376623376635,
                277.4123376623377,
                94.80519480519479
            ],
            "relative": [
                0.2361,
                0.0662,
                0.2755,
                0.0948
            ]
        }
    ],
    "Huggingface_2_5_deepseek-v3_collection_prompt2": [
        {
            "absolute": [
                275.4642857142858,
                254.0519480519481,
                479.3603896103896,
                293.6623376623377
            ],
            "relative": [
                0.2735,
                0.3769,
                0.476,
                0.4357
            ]
        }
    ],
    "Huggingface_3_2_opencsg-smoltalk-chinese_prompt2": [
        {
            "absolute": [
                61.827922077922096,
                339.6103896103898,
                661.8279220779223,
                392.8571428571429
            ],
            "relative": [
                0.0614,
                0.3396,
                0.6572,
                0.3929
            ]
        }
    ],
    "Huggingface_3_0_datasets_prompt2": [
        {
            "absolute": [
                330.0097402597403,
                387.6623376623377,
                635.8538961038962,
                438.3116883116884
            ],
            "relative": [
                0.3277,
                0.3877,
                0.6314,
                0.4383
            ]
        }
    ],
    "Huggingface_3_1_opencsg-chinese-fineweb-edu-v2_prompt2": [
        {
            "absolute": [
                674.8149350649352,
                249.35064935064952,
                790.3993506493508,
                282.46753246753246
            ],
            "relative": [
                0.6701,
                0.2494,
                0.7849,
                0.2825
            ]
        }
    ],
    "OpenCSG_2_2_deepseek-v3_modefile_prompt2": [
        {
            "absolute": [
                179.36038961038957,
                164.93506493506493,
                275.4642857142858,
                203.24675324675331
            ],
            "relative": [
                0.1781,
                0.1649,
                0.2735,
                0.2032
            ]
        }
    ],
    "OpenCSG_1_home_prompt2": [
        {
            "absolute": [
                656.6331168831169,
                579.2207792207793,
                759.8798701298703,
                623.3766233766235
            ],
            "relative": [
                0.1465,
                0.0065,
                0.2252,
                0.0584
            ]
        },
        {
            "absolute": [
                656.6331168831169,
                579.2207792207793,
                759.8798701298703,
                623.3766233766235
            ],
            "relative": [
                0.053,
                0.6357,
                0.3277,
                0.8935
            ]
        },
        {
            "absolute": [
                656.6331168831169,
                579.2207792207793,
                759.8798701298703,
                623.3766233766235
            ],
            "relative": [
                0.6521,
                0.5792,
                0.7546,
                0.6234
            ]
        }
    ],