{
    "ModelScope_2_2_deepseek-v3_modefile_prompt3": [
        {
            "absolute": [
                185.85389610389612,
                5.844155844155921,
                230.6590909090909,
                48.70129870129881
            ],
            "relative": [
                0.0459,
                0.0019,
                0.1813,
                0.05
            ]
        },
        {
            "absolute": [
                185.85389610389612,
                5.844155844155921,
                230.6590909090909,
                48.70129870129881
            ],
            "relative": [
                0.1846,
                0.0058,
                0.2291,
                0.0487
            ]
        }
    ],
    "ModelScope_2_0_models_prompt3": [
        {
            "absolute": [
                183.2564935064935,
                3.2467532467533147,
                237.15259740259742,
                47.402597402597394
            ],
            "relative": [
                0.0401,
                0.0032,
                0.1859,
                0.0506
            ]
        },
        {
            "absolute": [
                183.2564935064935,
                3.2467532467533147,
                237.15259740259742,
                47.402597402597394
            ],
            "relative": [
                0.182,
                0.0032,
                0.2355,
                0.0474
            ]
        }
    ],
    "ModelScope_1_home_prompt3": [
        {
            "absolute": [
                181.30844155844156,
                7.14285714285711,
                236.50324675324677,
                48.0519480519481
            ],
            "relative": [
                0.0446,
                0.0052,
                0.1755,
                0.0461
            ]
        },
        {
            "absolute": [
                181.30844155844156,
                7.14285714285711,
                236.50324675324677,
                48.0519480519481
            ],
            "relative": [
                0.18,
                0.0071,
                0.2349,
                0.0481
            ]
        }
    ],
    "ModelScope_2_1_deepseek-v3_prompt3": [
        {
            "absolute": [
                182.60714285714286,
                3.2467532467533147,
                232.60714285714286,
                43.5064935064936
            ],
            "relative": [
                0.0459,
                0.0039,
                0.171,
                0.0422
            ]
        },
        {
            "absolute": [
                182.60714285714286,
                3.2467532467533147,
                232.60714285714286,
                43.5064935064936
            ],
            "relative": [
                0.1813,
                0.0032,
                0.231,
                0.0435
            ]
        }
    ],
    "ModelScope_3_2_opencsg-smoltalk-chinese_prompt3": [
        {
            "absolute": [
                178.71103896103895,
                5.844155844155921,
                235.20454545454547,
                45.454545454545496
            ],
            "relative": [
                0.0453,
                0.0032,
                0.1749,
                0.0468
            ]
        },
        {
            "absolute": [
                178.71103896103895,
                5.844155844155921,
                235.20454545454547,
                45.454545454545496
            ],
            "relative": [
                0.1775,
                0.0058,
                0.2336,
                0.0455
            ]
        }
    ],
    "ModelScope_3_0_datasets_prompt3": [
        {
            "absolute": [
                182.60714285714286,
                5.1948051948052125,
                229.3603896103896,
                42.20779220779218
            ],
            "relative": [
                0.0453,
                0.0039,
                0.171,
                0.0442
            ]
        },
        {
            "absolute": [
                182.60714285714286,
                5.1948051948052125,
                229.3603896103896,
                42.20779220779218
            ],
            "relative": [
                0.1813,
                0.0052,
                0.2278,
                0.0422
            ]
        }
    ],
    "ModelScope_3_1_opencsg-chinese-fineweb-edu-v2_prompt3": [
        {
            "absolute": [
                185.20454545454547,
                5.844155844155921,
                230.00974025974025,
                44.80519480519479
            ],
            "relative": [
                0.0504,
                0.0058,
                0.1691,
                0.0448
            ]
        },
        {
            "absolute": [
                185.20454545454547,
                5.844155844155921,
                230.00974025974025,
                44.80519480519479
            ],
            "relative": [
                0.1839,
                0.0058,
                0.2284,
                0.0448
            ]
        }
    ],
    "Huggingface_2_2_deepseek-v3_modefile_prompt3": [
        {
            "absolute": [
                57.93181818181816,
                6.493506493506629,
                177.41233766233765,
                44.80519480519479
            ],
            "relative": [
                0.0575,
                0.0065,
                0.1762,
                0.0448
            ]
        }
    ],
    "Huggingface_2_0_models_prompt3": [
        {
            "absolute": [
                52.08766233766232,
                7.14285714285711,
                176.11363636363635,
                42.85714285714289
            ],
            "relative": [
                0.0517,
                0.0071,
                0.1749,
                0.0429
            ]
        }
    ],
    "Huggingface_1_home_prompt3": [
        {
            "absolute": [
                58.58116883116881,
                4.805194805195015,
                176.11363636363635,
                39.870129870130086
            ],
            "relative": [
                0.0582,
                0.0059,
                0.1749,
                0.0489
            ]
        }
    ],
    "Huggingface_2_1_deepseek-v3_prompt3": [
        {
            "absolute": [
                55.33441558441558,
                5.1948051948052125,
                172.2175324675325,
                44.155844155844306
            ],
            "relative": [
                0.0549,
                0.0052,
                0.171,
                0.0442
            ]
        }
    ],
    "Huggingface_2_5_deepseek-v3_collection_prompt3": [
        {
            "absolute": [
                52.73701298701303,
                2.7532467532466853,
                177.41233766233768,
                43.66233766233768
            ],
            "relative": [
                0.0524,
                0.0041,
                0.1762,
                0.0648
            ]
        }
    ],
    "Huggingface_3_2_opencsg-smoltalk-chinese_prompt3": [
        {
            "absolute": [
                55.98376623376623,
                5.1948051948052125,
                176.11363636363635,
                47.402597402597394
            ],
            "relative": [
                0.0556,
                0.0052,
                0.1749,
                0.0474
            ]
        }
    ],
    "Huggingface_3_0_datasets_prompt3": [
        {
            "absolute": [
                53.386363636363626,
                2.5974025974026063,
                181.30844155844156,
                46.753246753246685
            ],
            "relative": [
                0.053,
                0.0026,
                0.18,
                0.0468
            ]
        }
    ],