{
    "GitCode_issue_prompt": [
        {
            "absolute": [
                57.28246753246751,
                181.68831168831173,
                237.80194805194807,
                234.93506493506493
            ],
            "relative": [
                0.0569,
                0.2884,
                0.2361,
                0.3729
            ]
        }
    ],
    "GitCode_diffusersin_prompt": [
        {
            "absolute": [
                251.43831168831173,
                286.8831168831169,
                354.68506493506504,
                312.85714285714283
            ],
            "relative": [
                0.035,
                0.5234,
                0.22,
                0.5646
            ]
        },
        {
            "absolute": [
                251.43831168831173,
                286.8831168831169,
                354.68506493506504,
                312.85714285714283
            ],
            "relative": [
                0.2497,
                0.4554,
                0.3522,
                0.4966
            ]
        }
    ],
    "GitCode_seearch_prompt": [
        {
            "absolute": [
                760.529220779221,
                211.5584415584416,
                980.6590909090911,
                244.02597402597405
            ],
            "relative": [
                0.7552,
                0.3358,
                0.9738,
                0.3873
            ]
        }
    ],
    "GitCode_personpage_prompt": [
        {
            "absolute": [
                759.2305194805197,
                433.6363636363636,
                972.2175324675325,
                479.0909090909091
            ],
            "relative": [
                0.754,
                0.6883,
                0.9655,
                0.7605
            ]
        }
    ],
    "GitCode_githubhome_prompt": [
        {
            "absolute": [
                870.2694805194807,
                3.116883116883173,
                935.2045454545456,
                37.532467532467535
            ],
            "relative": [
                0.8642,
                0.0049,
                0.9287,
                0.0596
            ]
        }
    ],
    "GitCode_diffusers_prompt": [
        {
            "absolute": [
                891.0487012987015,
                38.83116883116884,
                992.9967532467534,
                75.84415584415581
            ],
            "relative": [
                0.8849,
                0.0616,
                0.9861,
                0.1204
            ]
        }
    ],
    "GitCode_signin_prompt": [
        {
            "absolute": [
                558.581168831169,
                362.20779220779224,
                631.9577922077922,
                392.0779220779221
            ],
            "relative": [
                0.5547,
                0.5749,
                0.6276,
                0.6223
            ]
        }
    ],
    "Gitee_issue_prompt": [
        {
            "absolute": [
                11.827922077922096,
                203.76623376623377,
                592.3474025974028,
                255.06493506493507
            ],
            "relative": [
                0.0117,
                0.3234,
                0.5882,
                0.4049
            ]
        }
    ],
    "Gitee_diffusersin_prompt": [
        {
            "absolute": [
                266.37337662337666,
                257.6623376623377,
                374.8149350649352,
                288.83116883116884
            ],
            "relative": [
                0.0298,
                0.5255,
                0.1394,
                0.5698
            ]
        },
        {
            "absolute": [
                266.37337662337666,
                257.6623376623377,
                374.8149350649352,
                288.83116883116884
            ],
            "relative": [
                0.2645,
                0.409,
                0.3722,
                0.4585
            ]
        }
    ],
    "Gitee_seearch_prompt": [
        {
            "absolute": [
                716.3733766233768,
                472.5974025974026,
                931.3084415584417,
                550.5194805194806
            ],
            "relative": [
                0.7114,
                0.7502,
                0.9248,
                0.8738
            ]
        }
    ],
    "Gitee_personpage_prompt": [
        {
            "absolute": [
                859.8798701298703,
                332.3376623376623,
                1004.0357142857146,
                382.3376623376623
            ],
            "relative": [
                0.8539,
                0.5275,
                0.9971,
                0.6069
            ]
        }
    ],
    "Gitee_githubhome_prompt": [
        {
            "absolute": [
                836.5032467532469,
                6.363636363636374,
                887.8019480519483,
                44.02597402597405
            ],
            "relative": [
                0.8307,
                0.0101,
                0.8816,
                0.0699
            ]
        }
    ],
    "Gitee_diffusers_prompt": [
        {
            "absolute": [
                872.8668831168833,
                41.428571428571445,
                940.3993506493508,
                73.2467532467532
            ],
            "relative": [
                0.8668,
                0.0658,
                0.9339,
                0.1163
            ]
        }
    ],
    "Gitee_signin_prompt": [
        {
            "absolute": [
                751.4383116883118,
                134.93506493506493,
                819.6201298701299,
                168.0519480519481
            ],
            "relative": [
                0.7462,
                0.2142,
                0.8139,
                0.2667
            ]
        }
    ],
    "Gitlab_issue_prompt": [
        {
            "absolute": [
                194.94480519480516,
                113.50649350649348,
                849.4902597402597,
                171.9480519480519
            ],
            "relative": [
                0.1936,
                0.1802,
                0.8436,
                0.2729
            ]
        }
    ],
    "Gitlab_diffusersin_prompt": [
        {
            "absolute": [
                195.5941558441558,
                296.62337662337666,
                284.5551948051948,
                323.8961038961039
            ],
            "relative": [
                0.1942,
                0.4708,
                0.2826,
                0.5141
            ]
        }
    ],
    "Gitlab_seearch_prompt": [
        {
            "absolute": [
                189.75,
                158.96103896103898,
                428.711038961039,
                213.50649350649348
            ],
            "relative": [
                0.1884,
                0.2523,
                0.4257,
                0.3389
            ]
        }
    ],
    "Gitlab_personpage_prompt": [
        {
            "absolute": [
                1.4383116883116713,
                188.83116883116884,
                182.60714285714286,
                231.03896103896102
            ],
            "relative": [
                0.0014,
                0.2997,
                0.1813,
                0.3667
            ]
        }
    ],
    "Gitlab_githubhome_prompt": [
        {
            "absolute": [
                613.7759740259742,
                1.8181818181819835,
                704.6850649350652,
                44.675324675324646
            ],
            "relative": [
                0.6095,
                0.0029,
                0.6998,
                0.0709
            ]
        }
    ],